{
    "setting": {},
    "condition": {
        "plugin": {
            "list": []
        },
        "game": {
            "list": []
        },
        "gamePlugin": {
            "list": []
        },
        "miniprogram": {
            "list": [
                {
                    "name": "Activity 1.0.0 首页",
                    "pathName": "activity/pages/index/index_home",
                    "query": "",
                    "scene": null
                },
                {
                    "name": "Activity 1.0.0 个人中心",
                    "pathName": "activity/pages/my/index/my_index",
                    "query": "",
                    "scene": null
                },
                {
                    "name": "Activity 1.5.1 搜索",
                    "pathName": "activity/pages/search/search",
                    "query": "",
                    "scene": null
                },
                {
                    "name": "Activity 1.0.1 个人中心-修改个人资料",
                    "pathName": "activity/pages/my/base/my_base",
                    "query": "",
                    "scene": null
                },
                {
                    "name": "Activity 1.1.1 注册第一步",
                    "pathName": "activity/pages/register/reg_step1",
                    "query": "",
                    "scene": null
                },
                {
                    "name": "Activity 1.1.2 注册第2步",
                    "pathName": "activity/pages/register/reg_step2",
                    "query": "",
                    "scene": null
                },
                {
                    "name": "Activity 1.1.3 注册第3步",
                    "pathName": "activity/pages/register/reg_step3",
                    "query": "",
                    "scene": null
                },
                {
                    "name": "Activity 1.3.5 活动首页",
                    "pathName": "activity/pages/meet/meet_index",
                    "query": "",
                    "scene": null
                },
                {
                    "name": "Activity 1.4.1 活动添加",
                    "pathName": "activity/pages/meet/meet_add",
                    "query": "",
                    "scene": null
                },
                {
                    "name": "Activity 1.4.2 活动详细",
                    "pathName": "activity/pages/meet/meet_detail",
                    "query": "id=8937eaa9611937e704dd58c97fb5ce45",
                    "scene": null
                },
                {
                    "name": "Activity 1.4.3 活动编辑",
                    "pathName": "activity/pages/meet/meet_edit",
                    "query": "id=c4747cd45f935c2f001b13133585b928",
                    "scene": null
                },
                {
                    "name": "Activity 1.4.4 活动报名列表",
                    "pathName": "activity/pages/meet/meet_join_list",
                    "query": "id=8937eaa96118782f04c506db438a15b0&ownerId=oTthr5DBWEcSDhQ_my0KLqPDRORk",
                    "scene": null
                },
                {
                    "name": "Activity 1.4.5 活动报名添加",
                    "pathName": "activity/pages/meet/meet_join_add",
                    "query": "id=2c9645925f92b3460021d32e68e172f1",
                    "scene": null
                },
                {
                    "name": "Activity 1.0.3 个人中心-我发布的活动",
                    "pathName": "activity/pages/my/meet/my_meet",
                    "query": "",
                    "scene": null
                },
                {
                    "name": "Activity 1.0.3 个人中心-我报名的活动",
                    "pathName": "activity/pages/my/meet/my_join",
                    "query": "",
                    "scene": null
                },
                {
                    "name": "Activity 1.6.1 用户列表",
                    "pathName": "activity/pages/user/user_index",
                    "query": "id=oYyk-5T8_SDkzAyLfsrmnqoLEceY",
                    "scene": null
                },
                {
                    "name": "Activity 1.6.2 用户详情",
                    "pathName": "activity/pages/user/user_detail",
                    "query": "id=oYyk-5Q4WyAc0DWnqt2x89kfR_y0",
                    "scene": null
                },
                {
                    "name": "Activity 1.7.1 公告通知列表",
                    "pathName": "activity/pages/news/news_index",
                    "query": "",
                    "scene": null
                },
                {
                    "name": "Activity 1.7.2 公告通知详情",
                    "pathName": "activity/news/news_detail",
                    "query": "id=8f29e52a5f993c4c0028235d70996e75",
                    "scene": null
                },
                {
                    "name": "Activity 1.99.0 关于我们",
                    "pathName": "activity/pages/about/about",
                    "query": "",
                    "scene": null
                },
                {
                    "name": "Activity 1.8.1 后台管理-登录",
                    "pathName": "activity/pages/admin/index/admin_login",
                    "query": "",
                    "scene": null
                },
                {
                    "name": "Activity 1.8.2 后台管理-首页",
                    "pathName": "activity/pages/admin/index/admin_home",
                    "query": "",
                    "scene": null
                },
                {
                    "name": "Activity 1.8.4 后台管理-用户管理",
                    "pathName": "activity/pages/admin/user/admin_user_list",
                    "query": "",
                    "scene": null
                },
                {
                    "name": "Activity 1.8.5 后台管理-用户详情",
                    "pathName": "activity/pages/admin/user/admin_user_detail",
                    "query": "id=5",
                    "scene": null
                },
                {
                    "name": "Activity 1.8.8 后台管理-公告通知管理",
                    "pathName": "activity/pages/admin/news/admin_news_list",
                    "query": "id=5",
                    "scene": null
                },
                {
                    "name": "Activity 1.8.9 后台管理-公告通知添加",
                    "pathName": "activity/pages/admin/news/admin_news_add",
                    "query": "id=5",
                    "scene": null
                },
                {
                    "name": "Activity 1.8.10 后台管理-公告通知修改",
                    "pathName": "activity/pages/admin/news/admin_news_edit",
                    "query": "id=d9ea4cfd5f993c7500268db23de85ed1",
                    "scene": null
                },
                {
                    "name": "Activity 1.8.11 后台管理-平台参数设置",
                    "pathName": "activity/pages/admin/setup/admin_setup",
                    "query": "",
                    "scene": null
                },
                {
                    "name": "Activity 1.8.13 后台管理-活动管理",
                    "pathName": "activity/pages/admin/meet/admin_meet_list",
                    "query": "",
                    "scene": null
                },
                {
                    "name": "Activity 1.8.14 后台管理-活动报名管理",
                    "pathName": "activity/pages/admin/meet/admin_join_list",
                    "query": "id=2c9645925f92b3460021d3397d8fbd0d",
                    "scene": null
                }
            ]
        }
    }
}